,Unnamed: 0,audio_file,cf_detection_number,detection_start,detection_stop,duration,num_bats
0,1,matching_annotaudio_Aditya_2018-08-16_21502300_100_hp,1.0,0.038616000000000004,0.053604,0.014987999999999994,2
1,2,matching_annotaudio_Aditya_2018-08-16_21502300_100_hp,2.0,0.190828,0.206116,0.015287999999999996,2
2,3,matching_annotaudio_Aditya_2018-08-16_21502300_100_hp,3.0,0.212684,0.228648,0.015963999999999978,2
3,4,matching_annotaudio_Aditya_2018-08-16_21502300_100_hp,4.0,0.23476,0.24868,0.013920000000000016,2
4,5,matching_annotaudio_Aditya_2018-08-16_21502300_100_hp,5.0,0.254712,0.267968,0.01325599999999999,2
5,6,matching_annotaudio_Aditya_2018-08-16_21502300_100_hp,6.0,0.273528,0.287432,0.013904000000000027,2
6,7,matching_annotaudio_Aditya_2018-08-16_21502300_100_hp,7.0,0.292688,0.305672,0.012983999999999996,2
7,8,matching_annotaudio_Aditya_2018-08-16_21502300_100_hp,8.0,0.330384,0.349088,0.018704,2
8,9,matching_annotaudio_Aditya_2018-08-16_21502300_100_hp,9.0,0.354964,0.369372,0.014407999999999976,2
9,0,matching_annotaudio_Aditya_2018-08-16_21502300_101_hp,0.0,0.12280799999999999,0.150348,0.027540000000000023,1
10,1,matching_annotaudio_Aditya_2018-08-16_21502300_101_hp,1.0,0.156916,0.180372,0.023456000000000005,1
11,3,matching_annotaudio_Aditya_2018-08-16_21502300_101_hp,3.0,0.23233600000000001,0.250764,0.018427999999999972,1
12,0,matching_annotaudio_Aditya_2018-08-16_21502300_102_hp,0.0,0.218464,0.234556,0.016091999999999995,1
13,1,matching_annotaudio_Aditya_2018-08-16_21502300_102_hp,1.0,0.24256399999999997,0.256384,0.013820000000000027,1
14,2,matching_annotaudio_Aditya_2018-08-16_21502300_102_hp,2.0,0.322644,0.33552,0.012875999999999999,1
15,0,matching_annotaudio_Aditya_2018-08-16_21502300_104_hp,0.0,0.042927999999999994,0.059572,0.016644000000000006,1
16,3,matching_annotaudio_Aditya_2018-08-16_21502300_104_hp,3.0,0.203584,0.22598400000000002,0.02240000000000003,1
17,4,matching_annotaudio_Aditya_2018-08-16_21502300_104_hp,4.0,0.231868,0.253952,0.02208400000000002,1
18,5,matching_annotaudio_Aditya_2018-08-16_21502300_104_hp,5.0,0.260284,0.27728400000000003,0.017000000000000015,1
19,6,matching_annotaudio_Aditya_2018-08-16_21502300_104_hp,6.0,0.31432,0.330936,0.01661600000000002,1
20,7,matching_annotaudio_Aditya_2018-08-16_21502300_104_hp,7.0,0.336968,0.355048,0.018079999999999985,1
21,8,matching_annotaudio_Aditya_2018-08-16_21502300_104_hp,8.0,0.361476,0.380812,0.019335999999999964,1
22,9,matching_annotaudio_Aditya_2018-08-16_21502300_104_hp,9.0,0.415188,0.431408,0.016220000000000012,1
23,10,matching_annotaudio_Aditya_2018-08-16_21502300_104_hp,10.0,0.437892,0.452016,0.01412399999999997,1
24,1,matching_annotaudio_Aditya_2018-08-16_21502300_110_hp,1.0,0.026856,0.043716000000000005,0.016860000000000003,1
25,2,matching_annotaudio_Aditya_2018-08-16_21502300_110_hp,2.0,0.06853200000000001,0.088236,0.019703999999999985,1
26,3,matching_annotaudio_Aditya_2018-08-16_21502300_110_hp,3.0,0.0952,0.11191199999999998,0.016711999999999977,1
27,0,matching_annotaudio_Aditya_2018-08-16_21502300_111_hp,0.0,0.007936,0.023180000000000003,0.015244000000000002,1
28,2,matching_annotaudio_Aditya_2018-08-16_21502300_111_hp,2.0,0.09905599999999999,0.113048,0.013992000000000004,1
29,0,matching_annotaudio_Aditya_2018-08-16_21502300_18_hp,0.0,0.013868,0.036048000000000004,0.022180000000000005,1
30,1,matching_annotaudio_Aditya_2018-08-16_21502300_18_hp,1.0,0.089228,0.1119,0.022671999999999998,1
31,2,matching_annotaudio_Aditya_2018-08-16_21502300_18_hp,2.0,0.120324,0.139924,0.019599999999999992,1
32,1,matching_annotaudio_Aditya_2018-08-16_21502300_30_hp,1.0,0.021644,0.037604000000000005,0.015960000000000005,1
33,3,matching_annotaudio_Aditya_2018-08-16_21502300_30_hp,3.0,0.178696,0.19353599999999999,0.014839999999999992,1
34,4,matching_annotaudio_Aditya_2018-08-16_21502300_30_hp,4.0,0.24107199999999998,0.255044,0.013972000000000012,1
35,5,matching_annotaudio_Aditya_2018-08-16_21502300_30_hp,5.0,0.26295599999999997,0.280596,0.017640000000000045,1
36,2,matching_annotaudio_Aditya_2018-08-16_21502300_32_hp,2.0,0.18873199999999998,0.204312,0.01558000000000001,1
37,3,matching_annotaudio_Aditya_2018-08-16_21502300_32_hp,3.0,0.230548,0.25592,0.025371999999999978,1
38,1,matching_annotaudio_Aditya_2018-08-16_21502300_33_hp,1.0,0.346048,0.388712,0.04266399999999998,1
39,2,matching_annotaudio_Aditya_2018-08-16_21502300_33_hp,2.0,0.423824,0.466796,0.04297200000000001,1
40,2,matching_annotaudio_Aditya_2018-08-16_21502300_40_hp,2.0,0.228444,0.27414,0.04569599999999999,2
41,3,matching_annotaudio_Aditya_2018-08-16_21502300_40_hp,3.0,0.323912,0.364408,0.04049600000000003,2
42,1,matching_annotaudio_Aditya_2018-08-16_21502300_46_hp,1.0,0.21778000000000003,0.272264,0.05448399999999998,2
43,2,matching_annotaudio_Aditya_2018-08-16_21502300_46_hp,2.0,0.313828,0.36002,0.04619200000000001,2
44,0,matching_annotaudio_Aditya_2018-08-16_21502300_47_hp,0.0,0.057936,0.09987599999999999,0.04193999999999999,2
45,4,matching_annotaudio_Aditya_2018-08-16_21502300_47_hp,4.0,0.328048,0.368136,0.04008800000000001,2
46,2,matching_annotaudio_Aditya_2018-08-16_21502300_62_hp,2.0,0.228588,0.25402399999999997,0.02543599999999996,1
47,3,matching_annotaudio_Aditya_2018-08-16_21502300_62_hp,3.0,0.260488,0.28352,0.023031999999999997,1
48,4,matching_annotaudio_Aditya_2018-08-16_21502300_62_hp,4.0,0.30944,0.331872,0.022432000000000007,1
49,1,matching_annotaudio_Aditya_2018-08-16_21502300_73_hp,1.0,0.07042799999999999,0.089588,0.01916000000000001,1
50,2,matching_annotaudio_Aditya_2018-08-16_21502300_73_hp,2.0,0.196476,0.216072,0.019595999999999975,1
51,3,matching_annotaudio_Aditya_2018-08-16_21502300_73_hp,3.0,0.221696,0.2501,0.028403999999999985,1
52,0,matching_annotaudio_Aditya_2018-08-16_21502300_98_hp,0.0,0.165604,0.179088,0.013483999999999996,1
53,1,matching_annotaudio_Aditya_2018-08-16_21502300_98_hp,1.0,0.231384,0.249164,0.01777999999999999,1
54,2,matching_annotaudio_Aditya_2018-08-16_21502300_98_hp,2.0,0.317592,0.332352,0.014759999999999995,1
55,0,matching_annotaudio_Aditya_2018-08-16_2324_143_hp,0.0,0.102788,0.130216,0.027427999999999994,1
56,1,matching_annotaudio_Aditya_2018-08-16_2324_143_hp,1.0,0.138876,0.165012,0.026135999999999993,1
57,2,matching_annotaudio_Aditya_2018-08-16_2324_143_hp,2.0,0.192716,0.21731199999999998,0.02459599999999998,1
58,3,matching_annotaudio_Aditya_2018-08-16_2324_143_hp,3.0,0.225652,0.25824400000000003,0.03259200000000004,1
59,4,matching_annotaudio_Aditya_2018-08-16_2324_143_hp,4.0,0.363344,0.37919200000000003,0.01584800000000003,1
60,0,matching_annotaudio_Aditya_2018-08-16_2324_154_hp,0.0,0.03468,0.053812,0.019131999999999996,1
61,1,matching_annotaudio_Aditya_2018-08-16_2324_154_hp,1.0,0.0605,0.074724,0.014224,1
62,2,matching_annotaudio_Aditya_2018-08-16_2324_154_hp,2.0,0.11264400000000001,0.143744,0.031100000000000003,1
63,0,matching_annotaudio_Aditya_2018-08-16_2324_159_hp,0.0,0.041504,0.059572,0.018068,1
64,4,matching_annotaudio_Aditya_2018-08-16_2324_159_hp,4.0,0.25242,0.271124,0.018704,1
65,5,matching_annotaudio_Aditya_2018-08-16_2324_159_hp,5.0,0.278408,0.29408,0.01567200000000002,1
66,0,matching_annotaudio_Aditya_2018-08-16_2324_180_hp,0.0,0.07595199999999999,0.10344,0.027488000000000012,1
67,1,matching_annotaudio_Aditya_2018-08-16_2324_180_hp,1.0,0.193204,0.2118,0.018596,1
68,2,matching_annotaudio_Aditya_2018-08-16_2324_180_hp,2.0,0.220796,0.2333,0.012504000000000015,1
69,0,matching_annotaudio_Aditya_2018-08-16_2324_196_hp,0.0,0.20911999999999997,0.22543600000000003,0.016316000000000053,1
70,1,matching_annotaudio_Aditya_2018-08-16_2324_196_hp,1.0,0.297984,0.31454,0.01655599999999996,1
71,1,matching_annotaudio_Aditya_2018-08-16_2324_20_hp,1.0,0.070548,0.084344,0.013796000000000003,2
72,5,matching_annotaudio_Aditya_2018-08-16_2324_20_hp,5.0,0.23396,0.24998800000000002,0.016028000000000014,2
73,6,matching_annotaudio_Aditya_2018-08-16_2324_20_hp,6.0,0.256036,0.27671599999999996,0.020679999999999976,2
74,7,matching_annotaudio_Aditya_2018-08-16_2324_20_hp,7.0,0.321696,0.358952,0.03725600000000001,2
75,0,matching_annotaudio_Aditya_2018-08-16_2324_207_hp,0.0,0.016804,0.032436,0.015632,2
76,3,matching_annotaudio_Aditya_2018-08-16_2324_207_hp,3.0,0.23696799999999998,0.252696,0.015727999999999992,2
77,3,matching_annotaudio_Aditya_2018-08-16_2324_211_hp,3.0,0.229584,0.24888400000000002,0.01930000000000001,1
78,4,matching_annotaudio_Aditya_2018-08-16_2324_211_hp,4.0,0.255416,0.271312,0.01589600000000002,1
79,6,matching_annotaudio_Aditya_2018-08-16_2324_211_hp,6.0,0.325996,0.344204,0.018208000000000002,1
80,7,matching_annotaudio_Aditya_2018-08-16_2324_211_hp,7.0,0.35112,0.36991999999999997,0.018799999999999983,1
81,8,matching_annotaudio_Aditya_2018-08-16_2324_211_hp,8.0,0.40628000000000003,0.42698400000000003,0.020704,1
82,3,matching_annotaudio_Aditya_2018-08-16_2324_22_hp,3.0,0.146808,0.191776,0.04496800000000001,2
83,4,matching_annotaudio_Aditya_2018-08-16_2324_22_hp,4.0,0.226652,0.267156,0.04050400000000001,2
84,1,matching_annotaudio_Aditya_2018-08-16_2324_223_hp,1.0,0.043144,0.06639600000000001,0.02325200000000001,2
85,3,matching_annotaudio_Aditya_2018-08-16_2324_223_hp,3.0,0.13636800000000002,0.16028,0.02391199999999999,2
86,5,matching_annotaudio_Aditya_2018-08-16_2324_223_hp,5.0,0.304356,0.32263200000000003,0.018276000000000014,2
87,1,matching_annotaudio_Aditya_2018-08-16_2324_23_hp,1.0,0.04888,0.087048,0.038168,2
88,3,matching_annotaudio_Aditya_2018-08-16_2324_23_hp,3.0,0.21742399999999998,0.26079600000000003,0.04337200000000005,2
89,0,matching_annotaudio_Aditya_2018-08-16_2324_236_hp,0.0,0.23056,0.250488,0.019928,1
90,1,matching_annotaudio_Aditya_2018-08-16_2324_236_hp,1.0,0.25842800000000005,0.281348,0.02291999999999994,1
91,2,matching_annotaudio_Aditya_2018-08-16_2324_248_hp,2.0,0.22478,0.254012,0.029232000000000008,1
92,4,matching_annotaudio_Aditya_2018-08-16_2324_248_hp,4.0,0.31202399999999997,0.335284,0.02326000000000006,1
93,0,matching_annotaudio_Aditya_2018-08-16_2324_256_hp,0.0,0.009676,0.032228,0.022552,1
94,1,matching_annotaudio_Aditya_2018-08-16_2324_256_hp,1.0,0.058724,0.080316,0.021592,1
95,2,matching_annotaudio_Aditya_2018-08-16_2324_256_hp,2.0,0.08665199999999999,0.10921600000000001,0.022564000000000015,1
96,3,matching_annotaudio_Aditya_2018-08-16_2324_256_hp,3.0,0.13592,0.15495599999999998,0.01903599999999997,1
97,4,matching_annotaudio_Aditya_2018-08-16_2324_256_hp,4.0,0.163044,0.18507200000000001,0.02202800000000002,1
98,5,matching_annotaudio_Aditya_2018-08-16_2324_256_hp,5.0,0.21652800000000003,0.23546399999999998,0.018935999999999953,1
99,6,matching_annotaudio_Aditya_2018-08-16_2324_256_hp,6.0,0.241564,0.26645599999999997,0.02489199999999997,1
100,4,matching_annotaudio_Aditya_2018-08-16_2324_28_hp,4.0,0.22366799999999998,0.2662,0.042532000000000014,2
101,5,matching_annotaudio_Aditya_2018-08-16_2324_28_hp,5.0,0.299272,0.33816399999999996,0.03889199999999998,2
102,1,matching_annotaudio_Aditya_2018-08-16_2324_287_hp,1.0,0.199044,0.223552,0.024508000000000002,1
103,2,matching_annotaudio_Aditya_2018-08-16_2324_287_hp,2.0,0.22948400000000002,0.247608,0.018123999999999973,1
104,3,matching_annotaudio_Aditya_2018-08-16_2324_287_hp,3.0,0.26821999999999996,0.287468,0.019248000000000043,1
105,2,matching_annotaudio_Aditya_2018-08-16_2324_30_hp,2.0,0.22441999999999998,0.255424,0.031004000000000004,1
106,3,matching_annotaudio_Aditya_2018-08-16_2324_30_hp,3.0,0.26394,0.283468,0.01952799999999999,1
107,0,matching_annotaudio_Aditya_2018-08-16_2324_61_hp,0.0,0.035724,0.06116799999999999,0.025443999999999994,1
108,1,matching_annotaudio_Aditya_2018-08-16_2324_61_hp,1.0,0.211048,0.232068,0.021019999999999983,1
109,2,matching_annotaudio_Aditya_2018-08-16_2324_61_hp,2.0,0.23852800000000002,0.262788,0.024260000000000004,1
110,3,matching_annotaudio_Aditya_2018-08-16_2324_69_hp,3.0,0.226372,0.254612,0.028240000000000015,1
111,4,matching_annotaudio_Aditya_2018-08-16_2324_69_hp,4.0,0.261552,0.27678800000000003,0.015236000000000027,1
112,5,matching_annotaudio_Aditya_2018-08-16_2324_69_hp,5.0,0.310616,0.332884,0.02226800000000001,1
113,6,matching_annotaudio_Aditya_2018-08-16_2324_69_hp,6.0,0.338704,0.363692,0.02498800000000001,1
114,3,matching_annotaudio_Aditya_2018-08-16_2324_7_hp,3.0,0.210972,0.226944,0.015972000000000014,2
115,4,matching_annotaudio_Aditya_2018-08-16_2324_7_hp,4.0,0.23231999999999997,0.26366,0.031340000000000034,2
116,2,matching_annotaudio_Aditya_2018-08-16_2324_85_hp,2.0,0.20528000000000002,0.22523200000000002,0.019951999999999998,1
117,3,matching_annotaudio_Aditya_2018-08-16_2324_85_hp,3.0,0.23112800000000003,0.2596,0.02847199999999997,1
118,0,matching_annotaudio_Aditya_2018-08-16_2324_90_hp,0.0,0.16584000000000002,0.181728,0.015887999999999985,1
119,2,matching_annotaudio_Aditya_2018-08-16_2324_90_hp,2.0,0.23546,0.24986799999999998,0.014407999999999976,1
120,3,matching_annotaudio_Aditya_2018-08-16_2324_90_hp,3.0,0.25604,0.271652,0.015612000000000015,1
121,4,matching_annotaudio_Aditya_2018-08-16_2324_90_hp,4.0,0.277972,0.291512,0.013539999999999996,1
122,7,matching_annotaudio_Aditya_2018-08-16_2324_90_hp,7.0,0.42445200000000005,0.445312,0.020859999999999934,1
123,1,matching_annotaudio_Aditya_2018-08-16_2324_91_hp,1.0,0.212108,0.255416,0.043307999999999985,1
124,2,matching_annotaudio_Aditya_2018-08-16_2324_91_hp,2.0,0.34318000000000004,0.36541999999999997,0.022239999999999926,1
125,0,matching_annotaudio_Aditya_2018-08-16_2324_94_hp,0.0,0.019844,0.039792,0.019948,1
126,2,matching_annotaudio_Aditya_2018-08-16_2324_94_hp,2.0,0.22214,0.242508,0.020367999999999997,1
127,4,matching_annotaudio_Aditya_2018-08-16_2324_94_hp,4.0,0.302544,0.319956,0.01741200000000004,1
128,5,matching_annotaudio_Aditya_2018-08-16_2324_94_hp,5.0,0.32813600000000004,0.343912,0.015775999999999957,1
129,0,matching_annotaudio_Aditya_2018-08-17_01_13_hp,0.0,0.070712,0.08866,0.017948000000000006,1
130,1,matching_annotaudio_Aditya_2018-08-17_01_13_hp,1.0,0.13489600000000002,0.149052,0.014155999999999974,1
131,0,matching_annotaudio_Aditya_2018-08-17_01_33_hp,0.0,0.048972,0.063476,0.014504000000000003,1
132,1,matching_annotaudio_Aditya_2018-08-17_01_33_hp,1.0,0.19446,0.206368,0.011908000000000002,1
133,2,matching_annotaudio_Aditya_2018-08-17_01_33_hp,2.0,0.21637199999999998,0.23097199999999998,0.014600000000000002,1
134,0,matching_annotaudio_Aditya_2018-08-17_01_34_hp,0.0,0.028364,0.04214,0.013775999999999997,1
135,1,matching_annotaudio_Aditya_2018-08-17_01_34_hp,1.0,0.048516000000000004,0.0613,0.012783999999999997,1
136,0,matching_annotaudio_Aditya_2018-08-17_01_39_hp,0.0,0.041384,0.056308000000000004,0.014924000000000007,2
137,2,matching_annotaudio_Aditya_2018-08-17_01_39_hp,2.0,0.217572,0.22974,0.012168000000000012,2
138,3,matching_annotaudio_Aditya_2018-08-17_01_39_hp,3.0,0.258992,0.281936,0.02294400000000002,2
139,4,matching_annotaudio_Aditya_2018-08-17_01_39_hp,4.0,0.317252,0.33207600000000004,0.01482400000000006,2
140,5,matching_annotaudio_Aditya_2018-08-17_01_39_hp,5.0,0.339044,0.355172,0.016127999999999976,2
141,0,matching_annotaudio_Aditya_2018-08-17_01_40_hp,0.0,0.007256,0.017963999999999997,0.010707999999999997,2
142,1,matching_annotaudio_Aditya_2018-08-17_01_40_hp,1.0,0.111364,0.12365999999999999,0.012295999999999987,2
143,2,matching_annotaudio_Aditya_2018-08-17_01_40_hp,2.0,0.12976400000000002,0.150728,0.020963999999999983,2
144,1,matching_annotaudio_Aditya_2018-08-17_01_46_hp,1.0,0.16814,0.18374000000000001,0.015600000000000003,2
145,2,matching_annotaudio_Aditya_2018-08-17_01_46_hp,2.0,0.21395999999999998,0.240788,0.02682800000000002,2
146,3,matching_annotaudio_Aditya_2018-08-17_01_46_hp,3.0,0.24807600000000002,0.27,0.021924,2
147,4,matching_annotaudio_Aditya_2018-08-17_01_46_hp,4.0,0.30216,0.351688,0.049528000000000016,2
148,5,matching_annotaudio_Aditya_2018-08-17_01_46_hp,5.0,0.35843200000000003,0.377132,0.018699999999999994,2
149,3,matching_annotaudio_Aditya_2018-08-17_01_58_hp,3.0,0.21536,0.25753200000000004,0.04217200000000004,1
150,4,matching_annotaudio_Aditya_2018-08-17_01_58_hp,4.0,0.28558,0.330344,0.044764000000000026,1
151,5,matching_annotaudio_Aditya_2018-08-17_01_58_hp,5.0,0.355444,0.386676,0.031232000000000038,1
152,6,matching_annotaudio_Aditya_2018-08-17_01_58_hp,6.0,0.392904,0.41118000000000005,0.01827600000000007,1
153,0,matching_annotaudio_Aditya_2018-08-17_01_75_hp,0.0,0.03488,0.052888,0.018007999999999996,2
154,2,matching_annotaudio_Aditya_2018-08-17_01_75_hp,2.0,0.078324,0.08966,0.011335999999999999,2
155,0,matching_annotaudio_Aditya_2018-08-17_01_80_hp,0.0,0.053784000000000005,0.073692,0.019907999999999988,1
156,1,matching_annotaudio_Aditya_2018-08-17_01_80_hp,1.0,0.080028,0.104316,0.024288000000000004,1
157,2,matching_annotaudio_Aditya_2018-08-17_01_80_hp,2.0,0.11150399999999999,0.130968,0.01946400000000001,1
158,3,matching_annotaudio_Aditya_2018-08-17_01_80_hp,3.0,0.16055999999999998,0.178948,0.018388000000000015,1
159,2,matching_annotaudio_Aditya_2018-08-17_01_81_hp,2.0,0.11463599999999999,0.136544,0.02190800000000001,1
160,3,matching_annotaudio_Aditya_2018-08-17_01_81_hp,3.0,0.144536,0.15944,0.014904,1
161,5,matching_annotaudio_Aditya_2018-08-17_01_81_hp,5.0,0.432892,0.446004,0.013112000000000013,1
162,0,matching_annotaudio_Aditya_2018-08-17_01_82_hp,0.0,0.010920000000000001,0.028631999999999998,0.017712,1
163,1,matching_annotaudio_Aditya_2018-08-17_01_82_hp,1.0,0.034704,0.067788,0.033084,1
164,0,matching_annotaudio_Aditya_2018-08-17_01_83_hp,0.0,0.048204000000000004,0.068536,0.020331999999999996,1
165,1,matching_annotaudio_Aditya_2018-08-17_01_83_hp,1.0,0.1384,0.15457200000000001,0.01617200000000002,1
166,2,matching_annotaudio_Aditya_2018-08-17_01_83_hp,2.0,0.16028399999999998,0.17787999999999998,0.017596,1
167,3,matching_annotaudio_Aditya_2018-08-17_01_83_hp,3.0,0.183204,0.196692,0.013488,1
168,4,matching_annotaudio_Aditya_2018-08-17_01_83_hp,4.0,0.250336,0.265356,0.015019999999999978,1
169,0,matching_annotaudio_Aditya_2018-08-17_12_103_hp,0.0,0.085352,0.101228,0.015876,1
170,1,matching_annotaudio_Aditya_2018-08-17_12_103_hp,1.0,0.10699600000000001,0.12230799999999999,0.015311999999999978,1
171,2,matching_annotaudio_Aditya_2018-08-17_12_103_hp,2.0,0.130328,0.141592,0.011263999999999996,1
172,3,matching_annotaudio_Aditya_2018-08-17_12_103_hp,3.0,0.162572,0.17910399999999999,0.01653199999999999,1
173,4,matching_annotaudio_Aditya_2018-08-17_12_103_hp,4.0,0.1854,0.197076,0.011675999999999992,1
174,5,matching_annotaudio_Aditya_2018-08-17_12_103_hp,5.0,0.223536,0.24103200000000002,0.01749600000000001,1
175,6,matching_annotaudio_Aditya_2018-08-17_12_103_hp,6.0,0.247192,0.262776,0.015584000000000015,1
176,0,matching_annotaudio_Aditya_2018-08-17_12_104_hp,0.0,0.048276,0.098772,0.050496,1
177,3,matching_annotaudio_Aditya_2018-08-17_12_104_hp,3.0,0.214932,0.264996,0.050064,1
178,4,matching_annotaudio_Aditya_2018-08-17_12_104_hp,4.0,0.30258,0.350912,0.048331999999999986,1
179,1,matching_annotaudio_Aditya_2018-08-17_12_115_hp,1.0,0.111252,0.167552,0.0563,1
180,2,matching_annotaudio_Aditya_2018-08-17_12_115_hp,2.0,0.193528,0.220592,0.027064000000000005,1
181,3,matching_annotaudio_Aditya_2018-08-17_12_115_hp,3.0,0.22839600000000002,0.25401999999999997,0.025623999999999952,1
182,4,matching_annotaudio_Aditya_2018-08-17_12_115_hp,4.0,0.279052,0.299892,0.02083999999999997,1
183,2,matching_annotaudio_Aditya_2018-08-17_12_116_hp,2.0,0.147752,0.18578,0.038028000000000006,1
184,3,matching_annotaudio_Aditya_2018-08-17_12_116_hp,3.0,0.22796,0.253176,0.025216000000000016,1
185,0,matching_annotaudio_Aditya_2018-08-17_12_118_hp,0.0,0.021088,0.036008,0.01492,1
186,3,matching_annotaudio_Aditya_2018-08-17_12_118_hp,3.0,0.252828,0.29064,0.03781200000000001,1
187,1,matching_annotaudio_Aditya_2018-08-17_12_16_hp,1.0,0.097804,0.11961600000000001,0.021812000000000012,1
188,2,matching_annotaudio_Aditya_2018-08-17_12_16_hp,2.0,0.14516800000000002,0.16153199999999998,0.016363999999999962,1
189,3,matching_annotaudio_Aditya_2018-08-17_12_16_hp,3.0,0.16730799999999998,0.182576,0.015268000000000004,1
190,4,matching_annotaudio_Aditya_2018-08-17_12_16_hp,4.0,0.18874000000000002,0.203736,0.014995999999999982,1
191,5,matching_annotaudio_Aditya_2018-08-17_12_16_hp,5.0,0.234028,0.25088,0.016851999999999978,1
192,0,matching_annotaudio_Aditya_2018-08-17_12_2_hp,0.0,0.179168,0.20853200000000002,0.02936400000000003,1
193,1,matching_annotaudio_Aditya_2018-08-17_12_2_hp,1.0,0.215732,0.235848,0.020115999999999995,1
194,2,matching_annotaudio_Aditya_2018-08-17_12_2_hp,2.0,0.27117199999999997,0.300752,0.02958000000000005,1
195,3,matching_annotaudio_Aditya_2018-08-17_12_2_hp,3.0,0.307896,0.3356,0.027704000000000006,1
196,2,matching_annotaudio_Aditya_2018-08-17_12_21_hp,2.0,0.13145199999999999,0.173984,0.042532000000000014,1
197,3,matching_annotaudio_Aditya_2018-08-17_12_21_hp,3.0,0.21053200000000002,0.258312,0.04777999999999996,1
198,2,matching_annotaudio_Aditya_2018-08-17_12_33_hp,2.0,0.214556,0.235224,0.020667999999999992,1
199,3,matching_annotaudio_Aditya_2018-08-17_12_33_hp,3.0,0.240188,0.256336,0.016147999999999996,1
200,4,matching_annotaudio_Aditya_2018-08-17_12_33_hp,4.0,0.28344400000000003,0.311744,0.028299999999999992,1
201,5,matching_annotaudio_Aditya_2018-08-17_12_33_hp,5.0,0.41795600000000005,0.43954399999999993,0.021587999999999885,1
202,0,matching_annotaudio_Aditya_2018-08-17_12_53_hp,0.0,0.067224,0.08090399999999999,0.013679999999999984,1
203,1,matching_annotaudio_Aditya_2018-08-17_12_53_hp,1.0,0.160296,0.18299200000000002,0.02269600000000002,1
204,0,matching_annotaudio_Aditya_2018-08-17_12_68_hp,0.0,0.072528,0.08896,0.016432000000000002,1
205,1,matching_annotaudio_Aditya_2018-08-17_12_68_hp,1.0,0.164192,0.178672,0.014479999999999993,1
206,1,matching_annotaudio_Aditya_2018-08-17_12_74_hp,1.0,0.061696,0.08484,0.023143999999999998,1
207,2,matching_annotaudio_Aditya_2018-08-17_12_74_hp,2.0,0.090836,0.10933599999999999,0.01849999999999999,1
208,4,matching_annotaudio_Aditya_2018-08-17_12_74_hp,4.0,0.157388,0.172204,0.014815999999999996,1
209,5,matching_annotaudio_Aditya_2018-08-17_12_74_hp,5.0,0.178868,0.195076,0.016208,1
210,0,matching_annotaudio_Aditya_2018-08-17_12_79_hp,0.0,0.013752,0.028516000000000003,0.014764000000000003,1
211,1,matching_annotaudio_Aditya_2018-08-17_12_79_hp,1.0,0.085228,0.10958399999999999,0.02435599999999999,1
212,2,matching_annotaudio_Aditya_2018-08-17_23_100_hp,2.0,0.09175599999999999,0.11592000000000001,0.02416400000000002,1
213,3,matching_annotaudio_Aditya_2018-08-17_23_100_hp,3.0,0.14472000000000002,0.160712,0.01599199999999998,1
214,4,matching_annotaudio_Aditya_2018-08-17_23_100_hp,4.0,0.16698,0.185128,0.018147999999999997,1
215,5,matching_annotaudio_Aditya_2018-08-17_23_100_hp,5.0,0.19028,0.204484,0.014203999999999994,1
216,8,matching_annotaudio_Aditya_2018-08-17_23_100_hp,8.0,0.324872,0.35456,0.029687999999999992,1
217,0,matching_annotaudio_Aditya_2018-08-17_23_113_hp,0.0,0.021532,0.037324,0.015792000000000004,1
218,3,matching_annotaudio_Aditya_2018-08-17_23_113_hp,3.0,0.10167999999999999,0.118076,0.016396000000000008,1
219,4,matching_annotaudio_Aditya_2018-08-17_23_113_hp,4.0,0.12374,0.137012,0.013271999999999992,1
220,5,matching_annotaudio_Aditya_2018-08-17_23_113_hp,5.0,0.16988399999999998,0.182772,0.01288800000000001,1
221,6,matching_annotaudio_Aditya_2018-08-17_23_113_hp,6.0,0.251104,0.26594,0.014836000000000016,1
222,1,matching_annotaudio_Aditya_2018-08-17_23_138_hp,1.0,0.139728,0.155832,0.016104000000000007,1
223,2,matching_annotaudio_Aditya_2018-08-17_23_138_hp,2.0,0.23122800000000002,0.252788,0.021559999999999996,1
224,0,matching_annotaudio_Aditya_2018-08-17_23_187_hp,0.0,0.117308,0.131156,0.013848,1
225,1,matching_annotaudio_Aditya_2018-08-17_23_187_hp,1.0,0.13961199999999999,0.159368,0.019756000000000024,1
226,2,matching_annotaudio_Aditya_2018-08-17_23_187_hp,2.0,0.224536,0.24954,0.025004,1
227,3,matching_annotaudio_Aditya_2018-08-17_23_187_hp,3.0,0.286744,0.302516,0.015772000000000008,1
228,0,matching_annotaudio_Aditya_2018-08-17_23_193_hp,0.0,0.08616,0.10972799999999999,0.02356799999999999,1
229,1,matching_annotaudio_Aditya_2018-08-17_23_193_hp,1.0,0.115968,0.13558399999999998,0.01961599999999998,1
230,1,matching_annotaudio_Aditya_2018-08-17_23_196_hp,1.0,0.147092,0.17358800000000002,0.02649600000000002,1
231,2,matching_annotaudio_Aditya_2018-08-17_23_196_hp,2.0,0.20856,0.227812,0.01925199999999999,1
232,3,matching_annotaudio_Aditya_2018-08-17_23_196_hp,3.0,0.232712,0.252664,0.019951999999999998,1
233,4,matching_annotaudio_Aditya_2018-08-17_23_196_hp,4.0,0.2844,0.300564,0.01616400000000001,1
234,5,matching_annotaudio_Aditya_2018-08-17_23_196_hp,5.0,0.305748,0.328988,0.023239999999999983,1
235,6,matching_annotaudio_Aditya_2018-08-17_23_196_hp,6.0,0.364316,0.382052,0.01773600000000003,1
236,0,matching_annotaudio_Aditya_2018-08-17_23_26_hp,0.0,0.11276800000000001,0.134428,0.021659999999999985,1
237,2,matching_annotaudio_Aditya_2018-08-17_23_26_hp,2.0,0.203104,0.21986,0.016755999999999993,1
238,1,matching_annotaudio_Aditya_2018-08-17_23_28_hp,1.0,0.232248,0.24894000000000002,0.016692000000000012,1
239,3,matching_annotaudio_Aditya_2018-08-17_23_28_hp,3.0,0.31553200000000003,0.33417600000000003,0.018643999999999994,1
240,5,matching_annotaudio_Aditya_2018-08-17_23_28_hp,5.0,0.39763200000000004,0.411736,0.01410399999999995,1
241,1,matching_annotaudio_Aditya_2018-08-17_23_75_hp,1.0,0.098504,0.11815999999999999,0.019655999999999993,1
242,2,matching_annotaudio_Aditya_2018-08-17_23_75_hp,2.0,0.12478399999999999,0.14018,0.015396000000000007,1
243,3,matching_annotaudio_Aditya_2018-08-17_23_75_hp,3.0,0.149336,0.16650399999999999,0.01716799999999999,1
244,4,matching_annotaudio_Aditya_2018-08-17_23_75_hp,4.0,0.23026,0.24695999999999999,0.016699999999999993,1
245,0,matching_annotaudio_Aditya_2018-08-17_23_82_hp,0.0,0.082716,0.10438399999999999,0.021667999999999993,1
246,1,matching_annotaudio_Aditya_2018-08-17_23_82_hp,1.0,0.259184,0.275992,0.01680799999999999,1
247,1,matching_annotaudio_Aditya_2018-08-17_23_92_hp,1.0,0.21287199999999998,0.22885999999999998,0.015988000000000002,1
248,2,matching_annotaudio_Aditya_2018-08-17_23_92_hp,2.0,0.235012,0.252232,0.017220000000000013,1
249,3,matching_annotaudio_Aditya_2018-08-17_23_92_hp,3.0,0.278764,0.29488000000000003,0.01611600000000002,1
250,4,matching_annotaudio_Aditya_2018-08-17_23_92_hp,4.0,0.34198,0.360852,0.018872,1
251,1,matching_annotaudio_Aditya_2018-08-17_34_147_hp,1.0,0.234444,0.249748,0.015303999999999984,1
252,3,matching_annotaudio_Aditya_2018-08-17_34_147_hp,3.0,0.311,0.324628,0.013628000000000029,1
253,0,matching_annotaudio_Aditya_2018-08-17_34_151_hp,0.0,0.010796,0.026592,0.015796,1
254,1,matching_annotaudio_Aditya_2018-08-17_34_151_hp,1.0,0.076012,0.094856,0.018844,1
255,0,matching_annotaudio_Aditya_2018-08-17_34_2_hp,0.0,0.213036,0.228848,0.015811999999999993,1
256,1,matching_annotaudio_Aditya_2018-08-17_34_2_hp,1.0,0.23396399999999998,0.24932800000000002,0.015364000000000044,1
257,0,matching_annotaudio_Aditya_2018-08-17_34_201_hp,0.0,0.152508,0.169388,0.016880000000000006,1
258,1,matching_annotaudio_Aditya_2018-08-17_34_201_hp,1.0,0.232852,0.251616,0.018764000000000003,1
259,1,matching_annotaudio_Aditya_2018-08-17_34_40_hp,1.0,0.070216,0.083564,0.013347999999999999,3
260,2,matching_annotaudio_Aditya_2018-08-17_34_40_hp,2.0,0.155504,0.171096,0.015591999999999995,3
261,3,matching_annotaudio_Aditya_2018-08-17_34_40_hp,3.0,0.23346399999999998,0.2498,0.016336000000000017,3
262,1,matching_annotaudio_Aditya_2018-08-17_34_41_hp,1.0,0.054408000000000005,0.10323199999999999,0.048823999999999985,1
263,5,matching_annotaudio_Aditya_2018-08-17_34_41_hp,5.0,0.303652,0.34888800000000003,0.045236000000000054,1
264,1,matching_annotaudio_Aditya_2018-08-17_34_49_hp,1.0,0.070592,0.095432,0.02484,1
265,2,matching_annotaudio_Aditya_2018-08-17_34_49_hp,2.0,0.13348,0.17641600000000002,0.04293600000000003,1
266,3,matching_annotaudio_Aditya_2018-08-17_34_49_hp,3.0,0.222068,0.260536,0.038468,1
267,4,matching_annotaudio_Aditya_2018-08-17_34_49_hp,4.0,0.2687,0.28371199999999996,0.01501199999999997,1
268,0,matching_annotaudio_Aditya_2018-08-17_34_54_hp,0.0,0.01722,0.052996,0.035776,1
269,1,matching_annotaudio_Aditya_2018-08-17_34_54_hp,1.0,0.1125,0.126244,0.013743999999999992,1
270,2,matching_annotaudio_Aditya_2018-08-17_34_54_hp,2.0,0.15290399999999998,0.178796,0.025892000000000026,1
271,3,matching_annotaudio_Aditya_2018-08-17_34_54_hp,3.0,0.211804,0.230316,0.018512,1
272,4,matching_annotaudio_Aditya_2018-08-17_34_54_hp,4.0,0.236544,0.25911999999999996,0.022575999999999957,1
273,0,matching_annotaudio_Aditya_2018-08-17_34_69_hp,0.0,0.21236799999999997,0.23303600000000002,0.020668000000000047,1
274,2,matching_annotaudio_Aditya_2018-08-17_34_69_hp,2.0,0.29677600000000004,0.30908,0.012303999999999982,1
275,3,matching_annotaudio_Aditya_2018-08-17_34_69_hp,3.0,0.337652,0.34933600000000004,0.011684000000000028,1
276,4,matching_annotaudio_Aditya_2018-08-17_34_69_hp,4.0,0.355736,0.368804,0.013068000000000024,1
277,0,matching_annotaudio_Aditya_2018-08-17_34_77_hp,0.0,0.06100800000000001,0.078456,0.01744799999999999,1
278,2,matching_annotaudio_Aditya_2018-08-17_34_77_hp,2.0,0.155972,0.173228,0.017255999999999994,1
279,4,matching_annotaudio_Aditya_2018-08-17_34_77_hp,4.0,0.2278,0.249896,0.022096000000000005,1
280,5,matching_annotaudio_Aditya_2018-08-17_34_77_hp,5.0,0.25608400000000003,0.27916799999999997,0.023083999999999938,1
281,6,matching_annotaudio_Aditya_2018-08-17_34_77_hp,6.0,0.308672,0.329252,0.020579999999999987,1
282,7,matching_annotaudio_Aditya_2018-08-17_34_77_hp,7.0,0.33538,0.36138000000000003,0.026000000000000023,1
283,8,matching_annotaudio_Aditya_2018-08-17_34_77_hp,8.0,0.392488,0.41788400000000003,0.02539600000000003,1
284,0,matching_annotaudio_Aditya_2018-08-17_34_78_hp,0.0,0.141544,0.16958,0.028036000000000005,1
285,1,matching_annotaudio_Aditya_2018-08-17_34_78_hp,1.0,0.176876,0.19554000000000002,0.018664000000000014,1
286,2,matching_annotaudio_Aditya_2018-08-17_34_78_hp,2.0,0.225056,0.254548,0.02949199999999999,1
287,3,matching_annotaudio_Aditya_2018-08-17_34_78_hp,3.0,0.261896,0.280976,0.019079999999999986,1
288,4,matching_annotaudio_Aditya_2018-08-17_34_78_hp,4.0,0.311836,0.35731999999999997,0.04548399999999997,1
289,0,matching_annotaudio_Aditya_2018-08-17_45_162_hp,0.0,0.228292,0.250988,0.022695999999999994,2
290,2,matching_annotaudio_Aditya_2018-08-17_45_162_hp,2.0,0.399584,0.41603199999999996,0.016447999999999963,2
291,0,matching_annotaudio_Aditya_2018-08-17_45_342_hp,0.0,0.140268,0.15654400000000002,0.016276000000000013,1
292,1,matching_annotaudio_Aditya_2018-08-17_45_342_hp,1.0,0.161948,0.179548,0.017600000000000005,1
293,2,matching_annotaudio_Aditya_2018-08-17_45_342_hp,2.0,0.18488,0.199492,0.014612000000000014,1
294,3,matching_annotaudio_Aditya_2018-08-17_45_342_hp,3.0,0.230504,0.24927600000000003,0.01877200000000004,1
295,0,matching_annotaudio_Aditya_2018-08-17_56_78_hp,0.0,0.076068,0.094248,0.01818,1
296,2,matching_annotaudio_Aditya_2018-08-17_56_78_hp,2.0,0.183516,0.1999,0.016383999999999982,1
297,3,matching_annotaudio_Aditya_2018-08-17_56_78_hp,3.0,0.20685599999999998,0.22596,0.01910400000000001,1
298,0,matching_annotaudio_Aditya_2018-08-19_0120-0200_112_hp,0.0,0.204708,0.226356,0.021648,1
299,1,matching_annotaudio_Aditya_2018-08-19_0120-0200_112_hp,1.0,0.235684,0.249736,0.014052000000000009,1
300,1,matching_annotaudio_Aditya_2018-08-19_0120-0200_119_hp,1.0,0.168776,0.186088,0.017311999999999994,1
301,2,matching_annotaudio_Aditya_2018-08-19_0120-0200_119_hp,2.0,0.19356800000000002,0.21408400000000002,0.020516000000000006,1
302,3,matching_annotaudio_Aditya_2018-08-19_0120-0200_119_hp,3.0,0.27317600000000003,0.2957,0.02252399999999999,1
303,4,matching_annotaudio_Aditya_2018-08-19_0120-0200_119_hp,4.0,0.333956,0.34884,0.014884000000000008,1
304,0,matching_annotaudio_Aditya_2018-08-19_0120-0200_13_hp,0.0,0.021584,0.067748,0.046164000000000004,1
305,1,matching_annotaudio_Aditya_2018-08-19_0120-0200_13_hp,1.0,0.10026399999999999,0.146188,0.04592400000000002,1
306,1,matching_annotaudio_Aditya_2018-08-19_0120-0200_14_hp,1.0,0.073284,0.115264,0.04198,1
307,3,matching_annotaudio_Aditya_2018-08-19_0120-0200_14_hp,3.0,0.2328,0.278244,0.045443999999999984,1
308,4,matching_annotaudio_Aditya_2018-08-19_0120-0200_14_hp,4.0,0.320152,0.362572,0.04242000000000001,1
309,0,matching_annotaudio_Aditya_2018-08-19_0120-0200_19_hp,0.0,0.046936,0.0663,0.019364,1
310,1,matching_annotaudio_Aditya_2018-08-19_0120-0200_19_hp,1.0,0.073788,0.10253599999999999,0.028747999999999982,1
311,2,matching_annotaudio_Aditya_2018-08-19_0120-0200_19_hp,2.0,0.14157999999999998,0.168736,0.027156000000000013,1
312,3,matching_annotaudio_Aditya_2018-08-19_0120-0200_19_hp,3.0,0.17510799999999999,0.202184,0.027076000000000017,1
313,4,matching_annotaudio_Aditya_2018-08-19_0120-0200_19_hp,4.0,0.23072399999999998,0.249796,0.019072000000000006,1
314,5,matching_annotaudio_Aditya_2018-08-19_0120-0200_19_hp,5.0,0.255552,0.27856,0.023007999999999973,1
315,7,matching_annotaudio_Aditya_2018-08-19_0120-0200_19_hp,7.0,0.32956399999999997,0.343452,0.013888000000000011,1
316,8,matching_annotaudio_Aditya_2018-08-19_0120-0200_19_hp,8.0,0.349288,0.364232,0.014944000000000013,1
317,9,matching_annotaudio_Aditya_2018-08-19_0120-0200_19_hp,9.0,0.369552,0.389828,0.020276000000000016,1
318,1,matching_annotaudio_Aditya_2018-08-19_0120-0200_21_hp,1.0,0.14590799999999998,0.172432,0.02652400000000002,1
319,2,matching_annotaudio_Aditya_2018-08-19_0120-0200_21_hp,2.0,0.179984,0.20642399999999997,0.026439999999999964,1
320,3,matching_annotaudio_Aditya_2018-08-19_0120-0200_21_hp,3.0,0.25192800000000004,0.29891599999999996,0.04698799999999992,1
321,4,matching_annotaudio_Aditya_2018-08-19_0120-0200_21_hp,4.0,0.339548,0.379824,0.04027599999999998,1
322,5,matching_annotaudio_Aditya_2018-08-19_0120-0200_21_hp,5.0,0.408032,0.424688,0.016656000000000004,1
323,6,matching_annotaudio_Aditya_2018-08-19_0120-0200_21_hp,6.0,0.429968,0.452136,0.022167999999999966,1
324,0,matching_annotaudio_Aditya_2018-08-19_0120-0200_59_hp,0.0,0.035207999999999996,0.051252,0.016044000000000003,3
325,2,matching_annotaudio_Aditya_2018-08-19_0120-0200_59_hp,2.0,0.128356,0.144904,0.016548000000000007,3
326,3,matching_annotaudio_Aditya_2018-08-19_0120-0200_59_hp,3.0,0.204916,0.226084,0.02116800000000002,3
327,4,matching_annotaudio_Aditya_2018-08-19_0120-0200_59_hp,4.0,0.234352,0.25192,0.017567999999999973,3
328,5,matching_annotaudio_Aditya_2018-08-19_0120-0200_59_hp,5.0,0.28792399999999996,0.3058,0.01787600000000006,3
329,0,matching_annotaudio_Aditya_2018-08-19_0120-0200_63_hp,0.0,0.15498,0.170504,0.015523999999999982,1
330,1,matching_annotaudio_Aditya_2018-08-19_0120-0200_63_hp,1.0,0.1773,0.198692,0.021391999999999994,1
331,2,matching_annotaudio_Aditya_2018-08-19_0120-0200_63_hp,2.0,0.233104,0.24858000000000002,0.015476000000000018,1
332,0,matching_annotaudio_Aditya_2018-08-19_0120-0200_64_hp,0.0,0.22848400000000002,0.252152,0.023667999999999967,1
333,1,matching_annotaudio_Aditya_2018-08-19_0120-0200_64_hp,1.0,0.260368,0.28021999999999997,0.01985199999999998,1
334,2,matching_annotaudio_Aditya_2018-08-19_0120-0200_64_hp,2.0,0.287528,0.300716,0.013187999999999978,1
335,3,matching_annotaudio_Aditya_2018-08-19_0120-0200_64_hp,3.0,0.308148,0.32422,0.01607200000000003,1
336,4,matching_annotaudio_Aditya_2018-08-19_0120-0200_64_hp,4.0,0.330652,0.34864,0.017988000000000004,1
337,5,matching_annotaudio_Aditya_2018-08-19_0120-0200_64_hp,5.0,0.37476,0.391312,0.01655200000000001,1
338,0,matching_annotaudio_Aditya_2018-08-19_0120-0200_65_hp,0.0,0.147336,0.160164,0.012828000000000006,1
339,1,matching_annotaudio_Aditya_2018-08-19_0120-0200_65_hp,1.0,0.167208,0.183644,0.016436000000000006,1
340,2,matching_annotaudio_Aditya_2018-08-19_0120-0200_65_hp,2.0,0.214812,0.22905999999999999,0.014247999999999983,1
341,3,matching_annotaudio_Aditya_2018-08-19_0120-0200_65_hp,3.0,0.23472800000000002,0.251952,0.01722399999999999,1
342,1,matching_annotaudio_Aditya_2018-08-19_0120-0200_72_hp,1.0,0.183804,0.197428,0.013623999999999997,1
343,2,matching_annotaudio_Aditya_2018-08-19_0120-0200_72_hp,2.0,0.23442,0.251432,0.017012,1
344,3,matching_annotaudio_Aditya_2018-08-19_0120-0200_72_hp,3.0,0.25897600000000004,0.275012,0.01603599999999994,1
345,2,matching_annotaudio_Aditya_2018-08-19_0120-0200_73_hp,2.0,0.189668,0.20564000000000002,0.015972000000000014,1
346,5,matching_annotaudio_Aditya_2018-08-19_0120-0200_73_hp,5.0,0.454908,0.48104399999999997,0.026135999999999993,1
347,1,matching_annotaudio_Aditya_2018-08-19_0120-0200_74_hp,1.0,0.144284,0.170448,0.026163999999999993,1
348,2,matching_annotaudio_Aditya_2018-08-19_0120-0200_74_hp,2.0,0.177392,0.196692,0.01930000000000001,1
349,6,matching_annotaudio_Aditya_2018-08-19_0120-0200_74_hp,6.0,0.400712,0.42594799999999994,0.025235999999999925,1
350,7,matching_annotaudio_Aditya_2018-08-19_0120-0200_74_hp,7.0,0.4324,0.45299999999999996,0.02059999999999995,1
351,1,matching_annotaudio_Aditya_2018-08-19_0120-0200_79_hp,1.0,0.21418800000000002,0.22800399999999998,0.013815999999999967,3
352,2,matching_annotaudio_Aditya_2018-08-19_0120-0200_79_hp,2.0,0.23407199999999997,0.252432,0.018360000000000015,3
353,3,matching_annotaudio_Aditya_2018-08-19_0120-0200_79_hp,3.0,0.287076,0.30191599999999996,0.014839999999999964,3
354,0,matching_annotaudio_Aditya_2018-08-19_0120-0200_8_hp,0.0,0.224512,0.24988000000000002,0.02536800000000003,1
355,2,matching_annotaudio_Aditya_2018-08-19_0120-0200_8_hp,2.0,0.30387600000000003,0.33602,0.03214399999999995,1
356,0,matching_annotaudio_Aditya_2018-08-19_0120-0200_90_hp,0.0,0.017776,0.033544,0.015767999999999997,1
357,1,matching_annotaudio_Aditya_2018-08-19_0120-0200_90_hp,1.0,0.088104,0.10297200000000001,0.014868000000000006,1
358,2,matching_annotaudio_Aditya_2018-08-19_0120-0200_90_hp,2.0,0.11053199999999999,0.12502,0.014488000000000001,1
359,0,matching_annotaudio_Aditya_2018-08-19_0120-0200_93_hp,0.0,0.157216,0.171924,0.014707999999999999,1
360,1,matching_annotaudio_Aditya_2018-08-19_0120-0200_93_hp,1.0,0.236788,0.252652,0.01586399999999999,1
361,2,matching_annotaudio_Aditya_2018-08-19_0120-0200_93_hp,2.0,0.260276,0.27366399999999996,0.013387999999999955,1
362,2,matching_annotaudio_Aditya_2018-08-19_0120-0200_96_hp,2.0,0.141992,0.177616,0.03562399999999999,1
363,3,matching_annotaudio_Aditya_2018-08-19_0120-0200_96_hp,3.0,0.184816,0.20088,0.016063999999999995,1
364,4,matching_annotaudio_Aditya_2018-08-19_0120-0200_96_hp,4.0,0.23196399999999998,0.257536,0.02557200000000001,1
365,5,matching_annotaudio_Aditya_2018-08-19_0120-0200_96_hp,5.0,0.26724000000000003,0.293628,0.026387999999999967,1
366,7,matching_annotaudio_Aditya_2018-08-19_0120-0200_96_hp,7.0,0.363208,0.38486,0.021652000000000005,1
367,8,matching_annotaudio_Aditya_2018-08-19_0120-0200_96_hp,8.0,0.416256,0.44311999999999996,0.026863999999999943,1
368,2,matching_annotaudio_Aditya_2018-08-19_23_17_hp,2.0,0.183544,0.198548,0.01500399999999999,1
369,3,matching_annotaudio_Aditya_2018-08-19_23_17_hp,3.0,0.20457999999999998,0.222288,0.01770800000000003,1
370,0,matching_annotaudio_Aditya_2018-08-19_23_18_hp,0.0,0.132052,0.14590799999999998,0.01385599999999998,2
371,1,matching_annotaudio_Aditya_2018-08-19_23_18_hp,1.0,0.178952,0.19154000000000002,0.012588000000000016,2
372,2,matching_annotaudio_Aditya_2018-08-19_23_18_hp,2.0,0.23159200000000002,0.250328,0.018735999999999975,2
373,3,matching_annotaudio_Aditya_2018-08-19_23_18_hp,3.0,0.257796,0.271328,0.013531999999999988,2
374,0,matching_annotaudio_Aditya_2018-08-19_23_19_hp,0.0,0.11824000000000001,0.131152,0.012911999999999979,1
375,1,matching_annotaudio_Aditya_2018-08-19_23_19_hp,1.0,0.169232,0.182884,0.013651999999999997,1
376,3,matching_annotaudio_Aditya_2018-08-19_23_19_hp,3.0,0.236252,0.24911599999999998,0.012863999999999987,1
377,4,matching_annotaudio_Aditya_2018-08-19_23_19_hp,4.0,0.305732,0.31872,0.012988,1
378,2,matching_annotaudio_Aditya_2018-08-19_23_2_hp,2.0,0.32997600000000005,0.348564,0.018587999999999938,1
379,3,matching_annotaudio_Aditya_2018-08-19_23_2_hp,3.0,0.35674,0.36959200000000003,0.01285200000000003,1
380,2,matching_annotaudio_Aditya_2018-08-19_23_37_hp,2.0,0.159648,0.181516,0.021868,3
381,5,matching_annotaudio_Aditya_2018-08-19_23_37_hp,5.0,0.308756,0.321116,0.012360000000000038,3
382,6,matching_annotaudio_Aditya_2018-08-19_23_37_hp,6.0,0.326612,0.344792,0.018179999999999974,3
383,7,matching_annotaudio_Aditya_2018-08-19_23_37_hp,7.0,0.352152,0.364356,0.012203999999999993,3
384,8,matching_annotaudio_Aditya_2018-08-19_23_37_hp,8.0,0.405908,0.416596,0.01068800000000003,3
385,2,matching_annotaudio_Aditya_2018-08-19_23_40_hp,2.0,0.14136400000000002,0.164236,0.022871999999999976,1
386,3,matching_annotaudio_Aditya_2018-08-19_23_40_hp,3.0,0.17044,0.185108,0.014667999999999987,1
387,4,matching_annotaudio_Aditya_2018-08-19_23_40_hp,4.0,0.211252,0.227044,0.015792,1
388,0,matching_annotaudio_Aditya_2018-08-19_23_5_hp,0.0,0.179176,0.193208,0.014031999999999989,2
389,1,matching_annotaudio_Aditya_2018-08-19_23_5_hp,1.0,0.199916,0.220604,0.020687999999999984,2
390,2,matching_annotaudio_Aditya_2018-08-19_23_5_hp,2.0,0.25472399999999995,0.26929200000000003,0.014568000000000081,2
391,1,matching_annotaudio_Aditya_2018-08-20_0300-0400_18_hp,1.0,0.22848800000000002,0.248856,0.02036799999999997,1
392,3,matching_annotaudio_Aditya_2018-08-20_0300-0400_18_hp,3.0,0.43966400000000005,0.46389600000000003,0.024231999999999976,1
393,0,matching_annotaudio_Aditya_2018-08-20_0300-0400_35_hp,0.0,0.16589600000000002,0.18246400000000002,0.016568,1
394,2,matching_annotaudio_Aditya_2018-08-20_0300-0400_35_hp,2.0,0.237004,0.251472,0.014467999999999981,1
395,0,matching_annotaudio_Aditya_2018-08-20_0300-0400_85_hp,0.0,0.014436000000000001,0.030463999999999998,0.016027999999999997,1
396,2,matching_annotaudio_Aditya_2018-08-20_0300-0400_85_hp,2.0,0.151844,0.16742,0.015576000000000007,1
397,4,matching_annotaudio_Aditya_2018-08-20_0300-0400_85_hp,4.0,0.235596,0.25407199999999996,0.018475999999999965,1
398,1,matching_annotaudio_Aditya_2018-08-20_0300-0400_90_hp,1.0,0.14594400000000002,0.156888,0.010943999999999982,1
399,2,matching_annotaudio_Aditya_2018-08-20_0300-0400_90_hp,2.0,0.219036,0.23071999999999998,0.011683999999999972,1
